design_id,image_file,name,quantity_available,rate,unit
D001,D001.jpg,Purple Bandhani Dupatta with Gota,3,750,piece
D002,D002.jpg,Orange Bandhani Cotton Fabric,12,2150,piece
D003,D003.jpg,Gold Kanchi Silk Saree,8,1450,piece
D004,D004.jpg,Brown Ikat Cotton Fabric,3,4050,piece
D005,D005.jpg,Blue Jamdani Saree,3,4350,piece
D006,D006.jpg,Pink Phulkari Dupatta,35,800,piece
D007,D007.jpg,Red Mysore Silk Saree,0,1150,piece
D008,D008.jpg,Yellow Striped Cotton Fabric,8,2050,piece
D009,D009.jpg,Pink Chiffon Bandhani Dupatta,0,4150,piece
D010,D010.jpg,Blue Silk Bandhani Dupatta,8,4050,piece
D011,D011.jpg,"Kanchipuram Silk Saree, Orange Border",35,2000,piece
D012,D012.jpg,Maroon Patan Patola Saree,50,4350,piece
D013,D013.jpg,Multicolour Jamdani Saree,12,600,piece
D014,D014.jpg,Bagh Phulkari Dupatta,5,3300,piece
D015,D015.jpg,Kutch Mirror Work Dress Material,20,2350,piece
D016,D016.jpg,Blue Cotton Bandhani Dupatta,5,1950,piece
D017,D017.jpg,"Purple Bandhani Dupatta, Red Pallu",20,1250,piece
D018,D018.jpg,"Kanchipuram Silk Saree, Paisley Border",3,3000,piece
D019,D019.jpg,Red Silk Ikat Fabric,3,2850,piece
D020,D020.jpg,"Black Jamdani Saree, Gold Motifs",20,4450,piece
D021,D021.jpg,"Cream Phulkari Dupatta, Red Flowers",12,850,piece
D022,D022.jpg,"Black Jamdani Saree, Gold Geometric",50,4000,piece
D023,D023.jpg,Green Bandhani Dupatta,3,3000,piece
D024,D024.jpg,Orange Georgette Bandhani Dupatta,3,4100,piece
D025,D025.jpg,"Kanchipuram Silk Saree, Zari Border",12,2900,piece
D026,D026.jpg,Black Striped Cotton Fabric,8,1000,piece
D027,D027.jpg,"Black Jamdani Saree, Copper Zari",0,2050,piece
D028,D028.jpg,Cream Phulkari Fabric,12,1100,piece
D029,D029.jpg,Purple Raw Silk Fabric,8,1200,piece
D030,D030.jpg,Multicolour Bandhani Pagadi Fabric,35,2350,piece
